date.time,Temp,RelH
2018-06-17 12:39:01,27.70,42.20
2018-06-17 12:39:02,27.70,42.20
2018-06-17 12:39:04,27.60,42.60
2018-06-17 12:39:05,27.60,42.60
2018-06-17 12:39:07,27.60,42.50
2018-06-17 12:39:08,27.60,42.50
2018-06-17 12:39:09,27.60,42.50
2018-06-17 12:39:11,27.60,42.50
2018-06-17 12:39:12,27.60,42.50
2018-06-17 12:39:14,27.60,42.50
2018-06-17 12:39:15,27.60,42.60
2018-06-17 12:39:16,27.60,42.60
2018-06-17 12:39:18,27.60,42.70
2018-06-17 12:39:19,27.60,42.70
2018-06-17 12:39:21,27.60,42.60
2018-06-17 12:39:22,27.60,42.60
2018-06-17 12:39:24,27.60,42.50
2018-06-17 12:39:25,27.60,42.50
2018-06-17 12:39:27,27.60,42.40
2018-06-17 12:39:28,27.60,42.40
2018-06-17 12:39:29,27.60,42.30
2018-06-17 12:39:31,27.60,42.30
2018-06-17 12:39:32,27.60,42.20
2018-06-17 12:39:34,27.60,42.20
2018-06-17 12:39:35,27.60,42.30
2018-06-17 12:39:36,27.60,42.30
2018-06-17 12:39:38,27.60,42.40
2018-06-17 12:39:39,27.60,42.40
2018-06-17 12:39:41,27.60,42.40
2018-06-17 12:39:42,27.60,42.40
2018-06-17 12:39:44,27.60,42.40
2018-06-17 12:39:45,27.60,42.40
2018-06-17 12:39:46,27.60,42.50
2018-06-17 12:39:48,27.60,42.50
2018-06-17 12:39:49,27.60,42.40
2018-06-17 12:39:51,27.60,42.40
2018-06-17 12:39:52,27.60,42.30
2018-06-17 12:39:53,27.60,42.30
2018-06-17 12:39:55,27.60,42.40
2018-06-17 12:39:56,27.60,42.40
2018-06-17 12:39:58,27.60,42.40
2018-06-17 12:39:59,27.60,42.40
2018-06-17 12:40:01,27.60,42.50
2018-06-17 12:40:02,27.60,42.50
2018-06-17 12:40:04,27.60,42.60
2018-06-17 12:40:05,27.60,42.60
2018-06-17 12:40:06,27.60,42.60
2018-06-17 12:40:08,27.60,42.60
2018-06-17 12:40:09,27.60,42.60
2018-06-17 12:40:10,27.60,42.60
2018-06-17 12:40:12,27.60,42.70
2018-06-17 12:40:13,27.60,42.70
2018-06-17 12:40:15,27.60,42.80
2018-06-17 12:40:16,27.60,42.80
2018-06-17 12:40:18,27.60,42.90
2018-06-17 12:40:19,27.60,42.90
2018-06-17 12:40:21,27.60,42.80
2018-06-17 12:40:22,27.60,42.80
2018-06-17 12:40:23,27.60,42.60
2018-06-17 12:40:25,27.60,42.60
2018-06-17 12:40:26,27.60,42.70
2018-06-17 12:40:28,27.60,42.70
2018-06-17 12:40:29,27.60,42.70
2018-06-17 12:40:30,27.60,42.70
2018-06-17 12:40:32,27.60,42.70
2018-06-17 12:40:33,27.60,42.70
2018-06-17 12:40:35,27.60,42.70
2018-06-17 12:40:36,27.60,42.70
2018-06-17 12:40:38,27.60,42.60
2018-06-17 12:40:39,27.60,42.60
2018-06-17 12:40:41,27.50,42.60
2018-06-17 12:40:42,27.50,42.60
2018-06-17 12:40:43,27.60,42.60
2018-06-17 12:40:45,27.60,42.60
2018-06-17 12:40:46,27.60,42.60
2018-06-17 12:40:47,27.60,42.60
2018-06-17 12:40:49,27.60,42.60
2018-06-17 12:40:50,27.60,42.60
2018-06-17 12:40:52,27.50,42.60
2018-06-17 12:40:53,27.50,42.60
2018-06-17 12:40:55,27.60,42.70
2018-06-17 12:40:56,27.60,42.70
2018-06-17 12:40:58,27.50,42.50
2018-06-17 12:40:59,27.50,42.50
2018-06-17 12:41:00,27.60,42.50
2018-06-17 12:41:02,27.60,42.50
2018-06-17 12:41:03,27.50,42.40
2018-06-17 12:41:05,27.50,42.40
2018-06-17 12:41:06,27.60,42.50
2018-06-17 12:41:07,27.60,42.50
2018-06-17 12:41:09,27.50,42.40
2018-06-17 12:41:10,27.50,42.40
2018-06-17 12:41:12,27.50,42.40
2018-06-17 12:41:13,27.50,42.40
2018-06-17 12:41:15,27.50,42.50
2018-06-17 12:41:16,27.50,42.50
2018-06-17 12:41:17,27.50,42.50
2018-06-17 12:41:19,27.50,42.50
2018-06-17 12:41:20,27.50,42.50
2018-06-17 12:41:22,27.50,42.50
2018-06-17 12:41:23,27.50,42.40
2018-06-17 12:41:24,27.50,42.40
2018-06-17 12:41:26,27.50,42.40
2018-06-17 12:41:27,27.50,42.40
2018-06-17 12:41:29,27.50,42.40
2018-06-17 12:41:30,27.50,42.40
2018-06-17 12:41:32,27.50,42.40
2018-06-17 12:41:33,27.50,42.40
2018-06-17 12:41:35,27.50,42.40
2018-06-17 12:41:36,27.50,42.40
2018-06-17 12:41:37,27.50,42.40
2018-06-17 12:41:39,27.50,42.40
2018-06-17 12:41:40,27.50,42.40
2018-06-17 12:41:42,27.50,42.40
2018-06-17 12:41:43,27.50,42.50
2018-06-17 12:41:44,27.50,42.50
2018-06-17 12:41:46,27.50,42.50
2018-06-17 12:41:47,27.50,42.50
2018-06-17 12:41:49,27.50,42.40
2018-06-17 12:41:50,27.50,42.40
2018-06-17 12:41:52,27.50,42.20
2018-06-17 12:41:53,27.50,42.20
2018-06-17 12:41:54,27.50,42.20
2018-06-17 12:41:56,27.50,42.20
2018-06-17 12:41:57,27.50,42.10
2018-06-17 12:41:59,27.50,42.10
2018-06-17 12:42:00,27.50,42.20
2018-06-17 12:42:01,27.50,42.20
2018-06-17 12:42:03,27.50,42.30
2018-06-17 12:42:04,27.50,42.30
2018-06-17 12:42:06,27.50,42.40
2018-06-17 12:42:07,27.50,42.40
2018-06-17 12:42:09,27.50,42.50
2018-06-17 12:42:10,27.50,42.50
2018-06-17 12:42:12,27.50,42.60
2018-06-17 12:42:13,27.50,42.60
2018-06-17 12:42:14,27.50,42.60
2018-06-17 12:42:16,27.50,42.60
2018-06-17 12:42:17,27.50,42.60
2018-06-17 12:42:19,27.50,42.60
2018-06-17 12:42:20,27.50,42.50
2018-06-17 12:42:21,27.50,42.50
2018-06-17 12:42:23,27.50,42.50
2018-06-17 12:42:24,27.50,42.50
2018-06-17 12:42:26,27.50,42.60
2018-06-17 12:42:27,27.50,42.60
2018-06-17 12:42:29,27.50,42.70
2018-06-17 12:42:30,27.50,42.70
2018-06-17 12:42:31,27.50,42.70
2018-06-17 12:42:33,27.50,42.70
2018-06-17 12:42:34,27.50,42.80
2018-06-17 12:42:36,27.50,42.80
2018-06-17 12:42:37,27.50,42.80
2018-06-17 12:42:38,27.50,42.80
2018-06-17 12:42:40,27.50,42.80
2018-06-17 12:42:41,27.50,42.80
2018-06-17 12:42:43,27.50,42.80
2018-06-17 12:42:44,27.50,42.80
2018-06-17 12:42:46,27.50,42.80
2018-06-17 12:42:47,27.50,42.80
2018-06-17 12:42:49,27.50,42.60
2018-06-17 12:42:50,27.50,42.60
2018-06-17 12:42:51,27.50,42.50
2018-06-17 12:42:53,27.50,42.50
2018-06-17 12:42:54,27.50,42.40
2018-06-17 12:42:56,27.50,42.40
2018-06-17 12:42:57,27.50,42.30
2018-06-17 12:42:58,27.50,42.30
2018-06-17 12:43:00,27.50,42.30
2018-06-17 12:43:01,27.50,42.30
2018-06-17 12:43:03,27.50,42.40
2018-06-17 12:43:04,27.50,42.40
2018-06-17 12:43:06,27.50,42.30
2018-06-17 12:43:07,27.50,42.30
2018-06-17 12:43:08,27.50,42.20
2018-06-17 12:43:10,27.50,42.20
2018-06-17 12:43:11,27.50,42.20
2018-06-17 12:43:13,27.50,42.20
2018-06-17 12:43:14,27.50,42.20
2018-06-17 12:43:15,27.50,42.20
2018-06-17 12:43:17,27.50,42.20
2018-06-17 12:43:18,27.50,42.20
2018-06-17 12:43:20,27.50,42.20
2018-06-17 12:43:21,27.50,42.20
2018-06-17 12:43:23,27.50,42.30
2018-06-17 12:43:24,27.50,42.30
2018-06-17 12:43:26,27.50,42.20
2018-06-17 12:43:27,27.50,42.20
2018-06-17 12:43:28,27.50,42.10
2018-06-17 12:43:30,27.50,42.10
2018-06-17 12:43:31,27.50,42.10
2018-06-17 12:43:33,27.50,42.10
2018-06-17 12:43:34,27.50,42.10
2018-06-17 12:43:35,27.50,42.10
2018-06-17 12:43:37,27.50,42.10
2018-06-17 12:43:38,27.50,42.10
2018-06-17 12:43:40,27.50,42.00
2018-06-17 12:43:41,27.50,42.00
2018-06-17 12:43:43,27.50,42.10
2018-06-17 12:43:44,27.50,42.10
2018-06-17 12:43:45,27.50,42.20
2018-06-17 12:43:47,27.50,42.20
2018-06-17 12:43:48,27.50,42.20
2018-06-17 12:43:50,27.50,42.20
2018-06-17 12:43:51,27.50,42.20
2018-06-17 12:43:52,27.50,42.20
2018-06-17 12:43:54,27.50,42.20
2018-06-17 12:43:55,27.50,42.20
2018-06-17 12:43:57,27.50,42.20
2018-06-17 12:43:58,27.50,42.20
2018-06-17 12:44:00,27.50,42.20
2018-06-17 12:44:01,27.50,42.20
2018-06-17 12:44:03,27.50,42.20
2018-06-17 12:44:04,27.50,42.20
2018-06-17 12:44:05,27.50,42.20
2018-06-17 12:44:07,27.50,42.20
2018-06-17 12:44:08,27.50,42.20
2018-06-17 12:44:09,27.50,42.20
2018-06-17 12:44:11,27.50,42.20
2018-06-17 12:44:12,27.50,42.20
2018-06-17 12:44:14,27.50,42.30
2018-06-17 12:44:15,27.50,42.30
2018-06-17 12:44:17,27.50,42.20
2018-06-17 12:44:18,27.50,42.20
2018-06-17 12:44:20,27.50,42.20
2018-06-17 12:44:21,27.50,42.20
2018-06-17 12:44:22,27.50,42.20
2018-06-17 12:44:24,27.50,42.20
2018-06-17 12:44:25,27.50,42.20
2018-06-17 12:44:27,27.50,42.20
2018-06-17 12:44:28,27.50,42.20
2018-06-17 12:44:29,27.50,42.20
2018-06-17 12:44:31,27.50,42.20
2018-06-17 12:44:32,27.50,42.20
2018-06-17 12:44:34,27.40,42.10
2018-06-17 12:44:35,27.40,42.10
2018-06-17 12:44:37,27.50,42.10
2018-06-17 12:44:38,27.50,42.10
2018-06-17 12:44:40,27.40,42.00
2018-06-17 12:44:41,27.40,42.00
2018-06-17 12:44:42,27.50,42.10
2018-06-17 12:44:44,27.50,42.10
2018-06-17 12:44:45,27.50,42.20
2018-06-17 12:44:47,27.50,42.20
2018-06-17 12:44:48,27.40,42.10
2018-06-17 12:44:49,27.40,42.10
2018-06-17 12:44:51,27.50,42.20
2018-06-17 12:44:52,27.50,42.20
2018-06-17 12:44:54,27.40,42.20
2018-06-17 12:44:55,27.40,42.20
2018-06-17 12:44:57,27.40,42.20
2018-06-17 12:44:58,27.40,42.20
2018-06-17 12:44:59,27.40,42.30
2018-06-17 12:45:01,27.40,42.30
2018-06-17 12:45:02,27.40,42.40
2018-06-17 12:45:04,27.40,42.40
2018-06-17 12:45:05,27.40,42.30
2018-06-17 12:45:06,27.40,42.30
2018-06-17 12:45:08,27.40,42.30
2018-06-17 12:45:09,27.40,42.30
2018-06-17 12:45:11,27.40,42.40
2018-06-17 12:45:12,27.40,42.40
2018-06-17 12:45:14,27.40,42.40
2018-06-17 12:45:15,27.40,42.40
2018-06-17 12:45:17,27.40,42.40
2018-06-17 12:45:18,27.40,42.40
2018-06-17 12:45:19,27.40,42.50
2018-06-17 12:45:21,27.40,42.50
2018-06-17 12:45:22,27.40,42.50
2018-06-17 12:45:23,27.40,42.50
2018-06-17 12:45:25,27.40,42.50
2018-06-17 12:45:26,27.40,42.50
2018-06-17 12:45:28,27.40,42.50
2018-06-17 12:45:29,27.40,42.50
2018-06-17 12:45:31,27.40,42.50
2018-06-17 12:45:32,27.40,42.50
2018-06-17 12:45:34,27.40,42.50
2018-06-17 12:45:35,27.40,42.50
2018-06-17 12:45:36,27.40,42.50
2018-06-17 12:45:38,27.40,42.50
2018-06-17 12:45:39,27.40,42.60
2018-06-17 12:45:41,27.40,42.60
2018-06-17 12:45:42,27.40,42.50
2018-06-17 12:45:43,27.40,42.50
2018-06-17 12:45:45,27.40,42.40
2018-06-17 12:45:46,27.40,42.40
2018-06-17 12:45:48,27.40,42.40
2018-06-17 12:45:49,27.40,42.40
2018-06-17 12:45:51,27.40,42.50
2018-06-17 12:45:52,27.40,42.50
2018-06-17 12:45:53,27.40,42.40
2018-06-17 12:45:55,27.40,42.40
2018-06-17 12:45:56,27.40,42.40
2018-06-17 12:45:58,27.40,42.40
2018-06-17 12:45:59,27.40,42.40
2018-06-17 12:46:00,27.40,42.40
2018-06-17 12:46:02,27.40,42.30
2018-06-17 12:46:03,27.40,42.30
2018-06-17 12:46:05,27.40,42.30
2018-06-17 12:46:06,27.40,42.30
2018-06-17 12:46:08,27.40,42.30
2018-06-17 12:46:09,27.40,42.30
2018-06-17 12:46:11,27.40,42.40
2018-06-17 12:46:12,27.40,42.40
2018-06-17 12:46:13,27.40,42.40
2018-06-17 12:46:15,27.40,42.40
2018-06-17 12:46:16,27.40,42.50
2018-06-17 12:46:18,27.40,42.50
2018-06-17 12:46:19,27.40,42.50
2018-06-17 12:46:20,27.40,42.50
2018-06-17 12:46:22,27.40,42.50
2018-06-17 12:46:23,27.40,42.50
2018-06-17 12:46:25,27.40,42.50
2018-06-17 12:46:26,27.40,42.50
2018-06-17 12:46:28,27.40,42.50
2018-06-17 12:46:29,27.40,42.50
2018-06-17 12:46:30,27.40,42.50
2018-06-17 12:46:32,27.40,42.50
2018-06-17 12:46:33,27.40,42.50
2018-06-17 12:46:35,27.40,42.50
2018-06-17 12:46:36,27.40,42.50
2018-06-17 12:46:37,27.40,42.50
2018-06-17 12:46:39,27.50,42.60
2018-06-17 12:46:40,27.50,42.60
2018-06-17 12:46:42,27.40,42.60
2018-06-17 12:46:43,27.40,42.60
2018-06-17 12:46:45,27.40,42.60
2018-06-17 12:46:46,27.40,42.60
2018-06-17 12:46:48,27.40,42.60
2018-06-17 12:46:49,27.40,42.60
2018-06-17 12:46:50,27.40,42.60
2018-06-17 12:46:52,27.40,42.60
2018-06-17 12:46:53,27.40,42.70
2018-06-17 12:46:55,27.40,42.70
2018-06-17 12:46:56,27.40,42.70
2018-06-17 12:46:57,27.40,42.70
2018-06-17 12:46:59,27.40,42.80
2018-06-17 12:47:00,27.40,42.80
2018-06-17 12:47:02,27.40,42.80
2018-06-17 12:47:03,27.40,42.80
2018-06-17 12:47:05,27.40,42.80
2018-06-17 12:47:06,27.40,42.80
2018-06-17 12:47:08,27.40,42.80
2018-06-17 12:47:09,27.40,42.80
2018-06-17 12:47:10,27.40,42.80
2018-06-17 12:47:12,27.40,42.80
2018-06-17 12:47:13,27.40,42.80
2018-06-17 12:47:15,27.40,42.80
2018-06-17 12:47:16,27.50,42.90
2018-06-17 12:47:17,27.50,42.90
2018-06-17 12:47:19,27.40,42.90
2018-06-17 12:47:20,27.40,42.90
2018-06-17 12:47:22,27.40,42.90
2018-06-17 12:47:23,27.40,42.90
2018-06-17 12:47:25,27.50,43.00
2018-06-17 12:47:26,27.50,43.00
2018-06-17 12:47:27,27.40,42.90
2018-06-17 12:47:29,27.40,42.90
2018-06-17 12:47:30,27.40,42.90
2018-06-17 12:47:32,27.40,42.90
2018-06-17 12:47:33,27.40,42.90
2018-06-17 12:47:34,27.40,42.90
2018-06-17 12:47:36,27.50,43.00
2018-06-17 12:47:37,27.50,43.00
2018-06-17 12:47:39,27.50,43.00
2018-06-17 12:47:40,27.50,43.00
2018-06-17 12:47:42,27.40,42.90
2018-06-17 12:47:43,27.40,42.90
2018-06-17 12:47:45,27.50,42.90
2018-06-17 12:47:46,27.50,42.90
2018-06-17 12:47:47,27.50,42.80
2018-06-17 12:47:49,27.50,42.80
2018-06-17 12:47:50,27.50,42.80
2018-06-17 12:47:52,27.50,42.80
2018-06-17 12:47:53,27.40,42.80
2018-06-17 12:47:54,27.40,42.80
2018-06-17 12:47:56,27.50,42.80
2018-06-17 12:47:57,27.50,42.80
2018-06-17 12:47:59,27.40,42.80
2018-06-17 12:48:00,27.40,42.80
2018-06-17 12:48:02,27.40,42.80
2018-06-17 12:48:03,27.40,42.80
2018-06-17 12:48:04,27.50,42.90
2018-06-17 12:48:06,27.50,42.90
2018-06-17 12:48:07,27.50,42.90
2018-06-17 12:48:09,27.50,42.90
2018-06-17 12:48:10,27.50,42.90
2018-06-17 12:48:11,27.50,42.90
2018-06-17 12:48:13,27.50,42.90
2018-06-17 12:48:14,27.50,42.90
2018-06-17 12:48:16,27.40,42.80
2018-06-17 12:48:17,27.40,42.80
2018-06-17 12:48:19,27.40,42.80
2018-06-17 12:48:20,27.40,42.80
2018-06-17 12:48:22,27.50,42.80
2018-06-17 12:48:23,27.50,42.80
2018-06-17 12:48:24,27.40,42.80
2018-06-17 12:48:26,27.40,42.80
2018-06-17 12:48:27,27.50,42.80
2018-06-17 12:48:29,27.50,42.80
2018-06-17 12:48:30,27.50,42.80
2018-06-17 12:48:31,27.50,42.80
2018-06-17 12:48:33,27.50,42.80
2018-06-17 12:48:34,27.50,42.80
2018-06-17 12:48:36,27.40,42.80
2018-06-17 12:48:37,27.40,42.80
2018-06-17 12:48:39,27.50,42.80
2018-06-17 12:48:40,27.50,42.80
2018-06-17 12:48:41,27.40,42.70
2018-06-17 12:48:43,27.40,42.70
2018-06-17 12:48:44,27.50,42.70
2018-06-17 12:48:46,27.50,42.70
2018-06-17 12:48:47,27.50,42.60
2018-06-17 12:48:48,27.50,42.60
2018-06-17 12:48:50,27.50,42.60
2018-06-17 12:48:51,27.50,42.60
2018-06-17 12:48:53,27.50,42.60
2018-06-17 12:48:54,27.50,42.60
2018-06-17 12:48:56,27.50,42.60
2018-06-17 12:48:57,27.50,42.60
2018-06-17 12:48:59,27.50,42.60
2018-06-17 12:49:00,27.50,42.60
2018-06-17 12:49:01,27.50,42.70
2018-06-17 12:49:03,27.50,42.70
2018-06-17 12:49:04,27.50,42.70
2018-06-17 12:49:05,27.50,42.70
2018-06-17 12:49:07,27.50,42.70
2018-06-17 12:49:08,27.50,42.70
2018-06-17 12:49:10,27.50,42.80
2018-06-17 12:49:11,27.50,42.80
2018-06-17 12:49:13,27.50,42.80
2018-06-17 12:49:14,27.50,42.80
2018-06-17 12:49:16,27.50,42.80
2018-06-17 12:49:17,27.50,42.80
2018-06-17 12:49:18,27.50,42.80
2018-06-17 12:49:20,27.50,42.80
2018-06-17 12:49:21,27.50,42.70
2018-06-17 12:49:23,27.50,42.70
2018-06-17 12:49:24,27.50,42.70
2018-06-17 12:49:25,27.50,42.70
2018-06-17 12:49:27,27.50,42.70
2018-06-17 12:49:28,27.50,42.70
2018-06-17 12:49:30,27.50,42.70
2018-06-17 12:49:31,27.50,42.70
2018-06-17 12:49:33,27.50,42.60
2018-06-17 12:49:34,27.50,42.60
2018-06-17 12:49:36,27.50,42.70
2018-06-17 12:49:37,27.50,42.70
2018-06-17 12:49:38,27.50,42.60
2018-06-17 12:49:40,27.50,42.60
2018-06-17 12:49:41,27.50,42.60
2018-06-17 12:49:42,27.50,42.60
2018-06-17 12:49:44,27.50,42.60
2018-06-17 12:49:45,27.50,42.60
2018-06-17 12:49:47,27.50,42.50
2018-06-17 12:49:48,27.50,42.50
2018-06-17 12:49:50,27.50,42.50
2018-06-17 12:49:51,27.50,42.50
2018-06-17 12:49:53,27.50,42.50
2018-06-17 12:49:54,27.50,42.50
2018-06-17 12:49:55,27.50,42.50
2018-06-17 12:49:57,27.50,42.50
2018-06-17 12:49:58,27.50,42.50
2018-06-17 12:50:00,27.50,42.50
2018-06-17 12:50:01,27.50,42.50
2018-06-17 12:50:02,27.50,42.50
2018-06-17 12:50:04,27.50,42.50
2018-06-17 12:50:05,27.50,42.50
2018-06-17 12:50:07,27.50,42.50
2018-06-17 12:50:08,27.50,42.50
2018-06-17 12:50:10,27.50,42.50
2018-06-17 12:50:11,27.50,42.50
2018-06-17 12:50:12,27.50,42.40
2018-06-17 12:50:14,27.50,42.40
2018-06-17 12:50:15,27.50,42.40
2018-06-17 12:50:17,27.50,42.40
2018-06-17 12:50:18,27.50,42.40
2018-06-17 12:50:19,27.50,42.40
2018-06-17 12:50:21,27.50,42.50
2018-06-17 12:50:22,27.50,42.50
2018-06-17 12:50:24,27.50,42.50
2018-06-17 12:50:25,27.50,42.50
2018-06-17 12:50:27,27.50,42.40
2018-06-17 12:50:28,27.50,42.40
2018-06-17 12:50:30,27.50,42.40
2018-06-17 12:50:31,27.50,42.40
2018-06-17 12:50:32,27.50,42.50
2018-06-17 12:50:34,27.50,42.50
2018-06-17 12:50:35,27.50,42.50
2018-06-17 12:50:37,27.50,42.50
2018-06-17 12:50:38,27.50,42.50
2018-06-17 12:50:39,27.50,42.50
2018-06-17 12:50:41,27.50,42.40
2018-06-17 12:50:42,27.50,42.40
2018-06-17 12:50:44,27.60,42.50
2018-06-17 12:50:45,27.60,42.50
2018-06-17 12:50:47,27.50,42.30
2018-06-17 12:50:48,27.50,42.30
2018-06-17 12:50:49,27.50,42.40
2018-06-17 12:50:51,27.50,42.40
2018-06-17 12:50:52,27.60,42.40
2018-06-17 12:50:54,27.60,42.40
2018-06-17 12:50:55,27.50,42.40
2018-06-17 12:50:56,27.50,42.40
2018-06-17 12:50:58,27.50,42.40
2018-06-17 12:50:59,27.50,42.40
2018-06-17 12:51:01,27.50,42.40
2018-06-17 12:51:02,27.50,42.40
2018-06-17 12:51:04,27.50,42.40
2018-06-17 12:51:05,27.50,42.40
2018-06-17 12:51:07,27.50,42.40
2018-06-17 12:51:08,27.50,42.40
2018-06-17 12:51:09,27.60,42.40
2018-06-17 12:51:11,27.60,42.40
2018-06-17 12:51:12,27.50,42.30
2018-06-17 12:51:14,27.50,42.30
2018-06-17 12:51:15,27.60,42.40
2018-06-17 12:51:16,27.60,42.40
2018-06-17 12:51:18,27.60,42.40
2018-06-17 12:51:19,27.60,42.40
2018-06-17 12:51:21,27.60,42.20
2018-06-17 12:51:22,27.60,42.20
2018-06-17 12:51:24,27.60,42.30
2018-06-17 12:51:25,27.60,42.30
2018-06-17 12:51:26,27.60,42.30
2018-06-17 12:51:28,27.60,42.30
2018-06-17 12:51:29,27.60,42.30
2018-06-17 12:51:31,27.60,42.30
2018-06-17 12:51:32,27.60,42.40
2018-06-17 12:51:33,27.60,42.40
2018-06-17 12:51:35,27.60,42.40
2018-06-17 12:51:36,27.60,42.40
2018-06-17 12:51:38,27.60,42.50
2018-06-17 12:51:39,27.60,42.50
2018-06-17 12:51:41,27.60,42.50
2018-06-17 12:51:42,27.60,42.50
2018-06-17 12:51:44,27.60,42.50
2018-06-17 12:51:45,27.60,42.50
2018-06-17 12:51:46,27.60,42.50
2018-06-17 12:51:48,27.60,42.50
2018-06-17 12:51:49,27.60,42.40
2018-06-17 12:51:51,27.60,42.40
2018-06-17 12:51:52,27.60,42.30
2018-06-17 12:51:53,27.60,42.30
2018-06-17 12:51:55,27.60,42.20
2018-06-17 12:51:56,27.60,42.20
2018-06-17 12:51:58,27.60,42.20
2018-06-17 12:51:59,27.60,42.20
2018-06-17 12:52:01,27.60,42.30
2018-06-17 12:52:02,27.60,42.30
2018-06-17 12:52:03,27.60,42.30
2018-06-17 12:52:05,27.60,42.30
2018-06-17 12:52:06,27.60,42.30
2018-06-17 12:52:08,27.60,42.30
2018-06-17 12:52:09,27.60,42.30
2018-06-17 12:52:10,27.60,42.30
2018-06-17 12:52:12,27.60,42.40
2018-06-17 12:52:13,27.60,42.40
2018-06-17 12:52:15,27.60,42.30
2018-06-17 12:52:16,27.60,42.30
2018-06-17 12:52:18,27.60,42.30
2018-06-17 12:52:19,27.60,42.30
2018-06-17 12:52:21,27.60,42.30
2018-06-17 12:52:22,27.60,42.30
2018-06-17 12:52:23,27.60,42.30
2018-06-17 12:52:25,27.60,42.30
2018-06-17 12:52:26,27.60,42.30
2018-06-17 12:52:28,27.60,42.30
2018-06-17 12:52:29,27.60,42.20
2018-06-17 12:52:30,27.60,42.20
2018-06-17 12:52:32,27.60,42.10
2018-06-17 12:52:33,27.60,42.10
2018-06-17 12:52:35,27.60,42.10
2018-06-17 12:52:36,27.60,42.10
2018-06-17 12:52:38,27.60,42.10
2018-06-17 12:52:39,27.60,42.10
2018-06-17 12:52:40,27.60,42.10
2018-06-17 12:52:42,27.60,42.10
2018-06-17 12:52:43,27.60,42.10
2018-06-17 12:52:45,27.60,42.10
2018-06-17 12:52:46,27.60,42.20
2018-06-17 12:52:47,27.60,42.20
2018-06-17 12:52:49,27.60,42.20
2018-06-17 12:52:50,27.60,42.20
2018-06-17 12:52:52,27.60,42.20
2018-06-17 12:52:53,27.60,42.20
2018-06-17 12:52:55,27.60,42.30
2018-06-17 12:52:56,27.60,42.30
2018-06-17 12:52:58,27.60,42.20
2018-06-17 12:52:59,27.60,42.20
2018-06-17 12:53:00,27.60,42.20
2018-06-17 12:53:02,27.60,42.20
2018-06-17 12:53:03,27.60,42.10
2018-06-17 12:53:05,27.60,42.10
2018-06-17 12:53:06,27.60,42.10
2018-06-17 12:53:07,27.60,42.10
2018-06-17 12:53:09,27.60,42.10
2018-06-17 12:53:10,27.60,42.10
2018-06-17 12:53:12,27.60,42.20
2018-06-17 12:53:13,27.60,42.20
2018-06-17 12:53:15,27.60,42.30
2018-06-17 12:53:16,27.60,42.30
2018-06-17 12:53:17,27.60,42.30
2018-06-17 12:53:19,27.60,42.30
2018-06-17 12:53:20,27.60,42.30
2018-06-17 12:53:22,27.60,42.30
2018-06-17 12:53:23,27.60,42.30
2018-06-17 12:53:24,27.60,42.30
2018-06-17 12:53:26,27.60,42.40
2018-06-17 12:53:27,27.60,42.40
2018-06-17 12:53:29,27.60,42.50
2018-06-17 12:53:30,27.60,42.50
2018-06-17 12:53:32,27.60,42.50
2018-06-17 12:53:33,27.60,42.50
2018-06-17 12:53:35,27.60,42.50
2018-06-17 12:53:36,27.60,42.50
2018-06-17 12:53:37,27.60,42.50
2018-06-17 12:53:39,27.60,42.50
2018-06-17 12:53:40,27.60,42.40
2018-06-17 12:53:41,27.60,42.40
2018-06-17 12:53:43,27.60,42.30
2018-06-17 12:53:44,27.60,42.30
2018-06-17 12:53:46,27.60,42.20
2018-06-17 12:53:47,27.60,42.20
2018-06-17 12:53:49,27.60,42.20
2018-06-17 12:53:50,27.60,42.20
2018-06-17 12:53:52,27.60,42.20
2018-06-17 12:53:53,27.60,42.20
2018-06-17 12:53:54,27.60,42.20
2018-06-17 12:53:56,27.60,42.20
2018-06-17 12:53:57,27.60,42.10
2018-06-17 12:53:59,27.60,42.10
2018-06-17 12:54:00,27.60,42.20
2018-06-17 12:54:01,27.60,42.20
2018-06-17 12:54:03,27.60,42.20
2018-06-17 12:54:04,27.60,42.20
2018-06-17 12:54:06,27.60,42.20
2018-06-17 12:54:07,27.60,42.20
2018-06-17 12:54:09,27.60,42.20
2018-06-17 12:54:10,27.60,42.20
2018-06-17 12:54:12,27.60,42.30
2018-06-17 12:54:13,27.60,42.30
2018-06-17 12:54:14,27.60,42.30
2018-06-17 12:54:16,27.60,42.30
2018-06-17 12:54:17,27.60,42.40
2018-06-17 12:54:18,27.60,42.40
2018-06-17 12:54:20,27.60,42.30
2018-06-17 12:54:21,27.60,42.30
2018-06-17 12:54:23,27.60,42.30
2018-06-17 12:54:24,27.60,42.30
2018-06-17 12:54:26,27.60,42.30
2018-06-17 12:54:27,27.60,42.30
2018-06-17 12:54:29,27.60,42.30
2018-06-17 12:54:30,27.60,42.30
2018-06-17 12:54:31,27.60,42.40
2018-06-17 12:54:33,27.60,42.40
2018-06-17 12:54:34,27.60,42.30
2018-06-17 12:54:36,27.60,42.30
2018-06-17 12:54:37,27.60,42.30
2018-06-17 12:54:38,27.60,42.30
2018-06-17 12:54:40,27.60,42.30
2018-06-17 12:54:41,27.60,42.30
2018-06-17 12:54:43,27.60,42.30
2018-06-17 12:54:44,27.60,42.30
2018-06-17 12:54:46,27.60,42.40
2018-06-17 12:54:47,27.60,42.40
2018-06-17 12:54:48,27.60,42.40
2018-06-17 12:54:50,27.60,42.40
2018-06-17 12:54:51,27.60,42.40
2018-06-17 12:54:53,27.60,42.40
2018-06-17 12:54:54,27.60,42.40
2018-06-17 12:54:55,27.60,42.40
2018-06-17 12:54:57,27.60,42.40
2018-06-17 12:54:58,27.60,42.40
2018-06-17 12:55:00,27.60,42.40
2018-06-17 12:55:01,27.60,42.40
2018-06-17 12:55:03,27.60,42.40
2018-06-17 12:55:04,27.60,42.40
2018-06-17 12:55:06,27.60,42.40
2018-06-17 12:55:07,27.60,42.40
2018-06-17 12:55:08,27.60,42.30
2018-06-17 12:55:10,27.60,42.30
2018-06-17 12:55:11,27.60,42.40
2018-06-17 12:55:13,27.60,42.40
2018-06-17 12:55:14,27.60,42.40
2018-06-17 12:55:15,27.60,42.40
2018-06-17 12:55:17,27.60,42.50
2018-06-17 12:55:18,27.60,42.50
2018-06-17 12:55:20,27.60,42.50
2018-06-17 12:55:21,27.60,42.50
2018-06-17 12:55:23,27.60,42.50
2018-06-17 12:55:24,27.60,42.50
2018-06-17 12:55:25,27.60,42.40
2018-06-17 12:55:27,27.60,42.40
2018-06-17 12:55:28,27.60,42.40
2018-06-17 12:55:30,27.60,42.40
2018-06-17 12:55:31,27.60,42.40
2018-06-17 12:55:32,27.60,42.40
2018-06-17 12:55:34,27.60,42.40
2018-06-17 12:55:35,27.60,42.40
2018-06-17 12:55:37,27.60,42.40
2018-06-17 12:55:38,27.60,42.40
2018-06-17 12:55:40,27.60,42.30
2018-06-17 12:55:41,27.60,42.30
2018-06-17 12:55:43,27.60,42.30
2018-06-17 12:55:44,27.60,42.30
2018-06-17 12:55:45,27.60,42.30
2018-06-17 12:55:47,27.60,42.30
2018-06-17 12:55:48,27.60,42.30
2018-06-17 12:55:50,27.60,42.30
2018-06-17 12:55:51,27.60,42.20
2018-06-17 12:55:52,27.60,42.20
2018-06-17 12:55:54,27.60,42.10
2018-06-17 12:55:55,27.60,42.10
2018-06-17 12:55:57,27.60,42.10
2018-06-17 12:55:58,27.60,42.10
2018-06-17 12:56:00,27.60,42.10
2018-06-17 12:56:01,27.60,42.10
2018-06-17 12:56:02,27.60,42.10
2018-06-17 12:56:04,27.60,42.10
2018-06-17 12:56:05,27.60,42.10
2018-06-17 12:56:07,27.60,42.10
2018-06-17 12:56:08,27.60,42.10
2018-06-17 12:56:09,27.60,42.10
2018-06-17 12:56:11,27.60,42.00
2018-06-17 12:56:12,27.60,42.00
2018-06-17 12:56:14,27.60,42.00
2018-06-17 12:56:15,27.60,42.00
2018-06-17 12:56:17,27.60,42.00
2018-06-17 12:56:18,27.60,42.00
2018-06-17 12:56:20,27.60,42.10
2018-06-17 12:56:21,27.60,42.10
2018-06-17 12:56:22,27.60,42.20
2018-06-17 12:56:24,27.60,42.20
2018-06-17 12:56:25,27.60,42.20
2018-06-17 12:56:27,27.60,42.20
2018-06-17 12:56:28,27.60,42.20
2018-06-17 12:56:29,27.60,42.20
2018-06-17 12:56:31,27.60,42.20
2018-06-17 12:56:32,27.60,42.20
2018-06-17 12:56:34,27.60,42.20
2018-06-17 12:56:35,27.60,42.20
2018-06-17 12:56:37,27.60,42.20
2018-06-17 12:56:38,27.60,42.20
2018-06-17 12:56:39,27.60,42.20
2018-06-17 12:56:41,27.60,42.20
2018-06-17 12:56:42,27.60,42.20
2018-06-17 12:56:44,27.60,42.20
2018-06-17 12:56:45,27.60,42.20
2018-06-17 12:56:46,27.60,42.20
2018-06-17 12:56:48,27.60,42.10
2018-06-17 12:56:49,27.60,42.10
2018-06-17 12:56:51,27.60,42.00
2018-06-17 12:56:52,27.60,42.00
2018-06-17 12:56:54,27.70,42.00
2018-06-17 12:56:55,27.70,42.00
2018-06-17 12:56:57,27.60,41.90
2018-06-17 12:56:58,27.60,41.90
2018-06-17 12:56:59,27.70,41.90
2018-06-17 12:57:01,27.70,41.90
2018-06-17 12:57:02,27.60,41.90
2018-06-17 12:57:04,27.60,41.90
2018-06-17 12:57:05,27.70,41.90
2018-06-17 12:57:06,27.70,41.90
2018-06-17 12:57:08,27.60,41.90
2018-06-17 12:57:09,27.60,41.90
2018-06-17 12:57:11,27.70,42.00
2018-06-17 12:57:12,27.70,42.00
2018-06-17 12:57:14,27.70,42.00
2018-06-17 12:57:15,27.70,42.00
2018-06-17 12:57:16,27.60,42.00
2018-06-17 12:57:18,27.60,42.00
2018-06-17 12:57:19,27.70,42.10
2018-06-17 12:57:21,27.70,42.10
2018-06-17 12:57:22,27.70,42.20
2018-06-17 12:57:23,27.70,42.20
2018-06-17 12:57:25,27.70,42.20
2018-06-17 12:57:26,27.70,42.20
2018-06-17 12:57:28,27.70,42.20
2018-06-17 12:57:29,27.70,42.20
2018-06-17 12:57:31,27.70,42.20
2018-06-17 12:57:32,27.70,42.20
2018-06-17 12:57:34,27.70,42.20
2018-06-17 12:57:35,27.70,42.20
2018-06-17 12:57:36,27.70,42.30
2018-06-17 12:57:38,27.70,42.30
2018-06-17 12:57:39,27.70,42.30
2018-06-17 12:57:40,27.70,42.30
2018-06-17 12:57:42,27.70,42.30
2018-06-17 12:57:43,27.70,42.30
2018-06-17 12:57:45,27.70,42.30
2018-06-17 12:57:46,27.70,42.30
2018-06-17 12:57:48,27.70,42.40
2018-06-17 12:57:49,27.70,42.40
2018-06-17 12:57:51,27.70,42.40
2018-06-17 12:57:52,27.70,42.40
2018-06-17 12:57:53,27.70,42.30
2018-06-17 12:57:55,27.70,42.30
2018-06-17 12:57:56,27.70,42.20
2018-06-17 12:57:58,27.70,42.20
2018-06-17 12:57:59,27.70,42.10
2018-06-17 12:58:00,27.70,42.10
2018-06-17 12:58:02,27.70,42.10
2018-06-17 12:58:03,27.70,42.10
2018-06-17 12:58:05,27.70,42.20
2018-06-17 12:58:06,27.70,42.20
2018-06-17 12:58:08,27.70,42.30
2018-06-17 12:58:09,27.70,42.30
2018-06-17 12:58:11,27.70,42.40
2018-06-17 12:58:12,27.70,42.40
2018-06-17 12:58:13,27.70,42.30
2018-06-17 12:58:15,27.70,42.30
2018-06-17 12:58:16,27.70,42.30
2018-06-17 12:58:18,27.70,42.30
2018-06-17 12:58:19,27.70,42.20
2018-06-17 12:58:20,27.70,42.20
2018-06-17 12:58:22,27.70,42.30
2018-06-17 12:58:23,27.70,42.30
2018-06-17 12:58:25,27.70,42.30
2018-06-17 12:58:26,27.70,42.30
2018-06-17 12:58:28,27.70,42.40
2018-06-17 12:58:29,27.70,42.40
2018-06-17 12:58:30,27.70,42.40
2018-06-17 12:58:32,27.70,42.40
2018-06-17 12:58:33,27.70,42.40
2018-06-17 12:58:35,27.70,42.40
2018-06-17 12:58:36,27.70,42.40
2018-06-17 12:58:37,27.70,42.40
2018-06-17 12:58:39,27.70,42.50
2018-06-17 12:58:40,27.70,42.50
2018-06-17 12:58:42,27.70,42.40
2018-06-17 12:58:43,27.70,42.40
2018-06-17 12:58:45,27.70,42.40
2018-06-17 12:58:46,27.70,42.40
2018-06-17 12:58:48,27.70,42.40
2018-06-17 12:58:49,27.70,42.40
2018-06-17 12:58:50,27.70,42.30
2018-06-17 12:58:52,27.70,42.30
2018-06-17 12:58:53,27.70,42.30
2018-06-17 12:58:55,27.70,42.30
2018-06-17 12:58:56,27.70,42.40
2018-06-17 12:58:57,27.70,42.40
2018-06-17 12:58:59,27.70,42.40
2018-06-17 12:59:00,27.70,42.40
2018-06-17 12:59:02,27.70,42.30
2018-06-17 12:59:03,27.70,42.30
2018-06-17 12:59:05,27.70,42.30
2018-06-17 12:59:06,27.70,42.30
2018-06-17 12:59:07,27.70,42.40
2018-06-17 12:59:09,27.70,42.40
2018-06-17 12:59:10,27.70,42.30
2018-06-17 12:59:12,27.70,42.30
2018-06-17 12:59:13,27.70,42.30
2018-06-17 12:59:14,27.70,42.30
2018-06-17 12:59:16,27.70,42.40
2018-06-17 12:59:17,27.70,42.40
2018-06-17 12:59:19,27.70,42.40
2018-06-17 12:59:20,27.70,42.40
2018-06-17 12:59:22,27.70,42.40
2018-06-17 12:59:23,27.70,42.40
2018-06-17 12:59:25,27.70,42.40
2018-06-17 12:59:26,27.70,42.40
2018-06-17 12:59:27,27.70,42.30
2018-06-17 12:59:29,27.70,42.30
2018-06-17 12:59:30,27.70,42.20
2018-06-17 12:59:32,27.70,42.20
2018-06-17 12:59:33,27.70,42.20
2018-06-17 12:59:34,27.70,42.20
2018-06-17 12:59:36,27.70,42.20
2018-06-17 12:59:37,27.70,42.20
2018-06-17 12:59:39,27.70,42.20
2018-06-17 12:59:40,27.70,42.20
2018-06-17 12:59:42,27.70,42.30
2018-06-17 12:59:43,27.70,42.30
2018-06-17 12:59:44,27.70,42.30
2018-06-17 12:59:46,27.70,42.30
2018-06-17 12:59:47,27.70,42.30
2018-06-17 12:59:49,27.70,42.30
2018-06-17 12:59:50,27.70,42.30
2018-06-17 12:59:51,27.70,42.30
2018-06-17 12:59:53,27.70,42.30
2018-06-17 12:59:54,27.70,42.30
2018-06-17 12:59:56,27.70,42.20
2018-06-17 12:59:57,27.70,42.20
2018-06-17 12:59:59,27.70,42.20
2018-06-17 13:00:00,27.70,42.20
2018-06-17 13:00:02,27.70,42.20
2018-06-17 13:00:03,27.70,42.20
2018-06-17 13:00:04,27.70,42.20
2018-06-17 13:00:06,27.70,42.20
2018-06-17 13:00:07,27.70,42.20
2018-06-17 13:00:08,27.70,42.20
2018-06-17 13:00:10,27.70,42.20
2018-06-17 13:00:11,27.70,42.20
2018-06-17 13:00:13,27.70,42.20
2018-06-17 13:00:14,27.70,42.20
2018-06-17 13:00:16,27.70,42.20
2018-06-17 13:00:17,27.70,42.20
2018-06-17 13:00:19,27.70,42.20
2018-06-17 13:00:20,27.70,42.20
2018-06-17 13:00:21,27.70,42.20
2018-06-17 13:00:23,27.70,42.20
2018-06-17 13:00:24,27.70,42.20
2018-06-17 13:00:26,27.70,42.20
2018-06-17 13:00:27,27.70,42.20
2018-06-17 13:00:28,27.70,42.20
2018-06-17 13:00:30,27.70,42.30
2018-06-17 13:00:31,27.70,42.30
2018-06-17 13:00:33,27.70,42.30
2018-06-17 13:00:34,27.70,42.30
2018-06-17 13:00:36,27.70,42.30
2018-06-17 13:00:37,27.70,42.30
2018-06-17 13:00:38,27.70,42.30
2018-06-17 13:00:40,27.70,42.30
2018-06-17 13:00:41,27.70,42.20
2018-06-17 13:00:43,27.70,42.20
2018-06-17 13:00:44,27.70,42.30
2018-06-17 13:00:45,27.70,42.30
2018-06-17 13:00:47,27.70,42.30
2018-06-17 13:00:48,27.70,42.30
2018-06-17 13:00:50,27.70,42.30
2018-06-17 13:00:51,27.70,42.30
2018-06-17 13:00:53,27.70,42.30
2018-06-17 13:00:54,27.70,42.30
2018-06-17 13:00:56,27.70,42.30
2018-06-17 13:00:57,27.70,42.30
2018-06-17 13:00:58,27.70,42.30
2018-06-17 13:01:00,27.70,42.30
2018-06-17 13:01:01,27.70,42.40
2018-06-17 13:01:03,27.70,42.40
2018-06-17 13:01:04,27.70,42.40
2018-06-17 13:01:05,27.70,42.40
2018-06-17 13:01:07,27.60,42.40
2018-06-17 13:01:08,27.60,42.40
2018-06-17 13:01:10,27.70,42.40
2018-06-17 13:01:11,27.70,42.40
2018-06-17 13:01:13,27.70,42.40
2018-06-17 13:01:14,27.70,42.40
2018-06-17 13:01:15,27.70,42.40
2018-06-17 13:01:17,27.70,42.40
2018-06-17 13:01:18,27.70,42.40
2018-06-17 13:01:20,27.70,42.40
2018-06-17 13:01:21,27.60,42.40
2018-06-17 13:01:22,27.60,42.40
2018-06-17 13:01:24,27.70,42.40
2018-06-17 13:01:25,27.70,42.40
2018-06-17 13:01:27,27.70,42.50
2018-06-17 13:01:28,27.70,42.50
2018-06-17 13:01:30,27.70,42.50
2018-06-17 13:01:31,27.70,42.50
2018-06-17 13:01:33,27.70,42.50
2018-06-17 13:01:34,27.70,42.50
2018-06-17 13:01:35,27.70,42.50
2018-06-17 13:01:37,27.70,42.50
2018-06-17 13:01:38,27.60,42.40
2018-06-17 13:01:40,27.60,42.40
2018-06-17 13:01:41,27.70,42.50
2018-06-17 13:01:42,27.70,42.50
2018-06-17 13:01:44,27.70,42.40
2018-06-17 13:01:45,27.70,42.40
2018-06-17 13:01:47,27.70,42.40
2018-06-17 13:01:48,27.70,42.40
2018-06-17 13:01:50,27.70,42.50
2018-06-17 13:01:51,27.70,42.50
2018-06-17 13:01:52,27.70,42.50
2018-06-17 13:01:54,27.70,42.50
2018-06-17 13:01:55,27.70,42.50
2018-06-17 13:01:57,27.70,42.50
2018-06-17 13:01:58,27.70,42.50
2018-06-17 13:01:59,27.70,42.50
2018-06-17 13:02:01,27.70,42.40
2018-06-17 13:02:02,27.70,42.40
2018-06-17 13:02:04,27.60,42.30
2018-06-17 13:02:05,27.60,42.30
2018-06-17 13:02:07,27.70,42.40
2018-06-17 13:02:08,27.70,42.40
2018-06-17 13:02:10,27.70,42.40
2018-06-17 13:02:11,27.70,42.40
2018-06-17 13:02:12,27.70,42.40
2018-06-17 13:02:14,27.70,42.40
2018-06-17 13:02:15,27.70,42.40
2018-06-17 13:02:17,27.70,42.40
2018-06-17 13:02:18,27.70,42.40
2018-06-17 13:02:19,27.70,42.40
2018-06-17 13:02:21,27.70,42.40
2018-06-17 13:02:22,27.70,42.40
2018-06-17 13:02:24,27.70,42.40
2018-06-17 13:02:25,27.70,42.40
2018-06-17 13:02:27,27.70,42.40
2018-06-17 13:02:28,27.70,42.40
2018-06-17 13:02:29,27.70,42.30
2018-06-17 13:02:31,27.70,42.30
2018-06-17 13:02:32,27.70,42.20
2018-06-17 13:02:34,27.70,42.20
2018-06-17 13:02:35,27.70,42.30
2018-06-17 13:02:36,27.70,42.30
2018-06-17 13:02:38,27.70,42.30
2018-06-17 13:02:39,27.70,42.30
2018-06-17 13:02:41,27.70,42.40
2018-06-17 13:02:42,27.70,42.40
2018-06-17 13:02:44,27.70,42.40
2018-06-17 13:02:45,27.70,42.40
2018-06-17 13:02:47,27.70,42.40
2018-06-17 13:02:48,27.70,42.40
2018-06-17 13:02:49,27.70,42.40
2018-06-17 13:02:51,27.70,42.40
2018-06-17 13:02:52,27.70,42.30
2018-06-17 13:02:54,27.70,42.30
2018-06-17 13:02:55,27.70,42.30
2018-06-17 13:02:56,27.70,42.30
2018-06-17 13:02:58,27.70,42.30
2018-06-17 13:02:59,27.70,42.30
2018-06-17 13:03:01,27.70,42.30
2018-06-17 13:03:02,27.70,42.30
2018-06-17 13:03:04,27.70,42.30
2018-06-17 13:03:05,27.70,42.30
2018-06-17 13:03:06,27.70,42.20
2018-06-17 13:03:08,27.70,42.20
2018-06-17 13:03:09,27.70,42.20
2018-06-17 13:03:11,27.70,42.20
2018-06-17 13:03:12,27.70,42.20
2018-06-17 13:03:13,27.70,42.20
2018-06-17 13:03:15,27.70,42.20
2018-06-17 13:03:16,27.70,42.20
2018-06-17 13:03:18,27.70,42.20
2018-06-17 13:03:19,27.70,42.20
2018-06-17 13:03:21,27.70,42.20
2018-06-17 13:03:22,27.70,42.20
2018-06-17 13:03:24,27.70,42.20
2018-06-17 13:03:25,27.70,42.20
2018-06-17 13:03:26,27.70,42.10
2018-06-17 13:03:28,27.70,42.10
2018-06-17 13:03:29,27.70,42.10
2018-06-17 13:03:31,27.70,42.10
2018-06-17 13:03:32,27.70,42.00
2018-06-17 13:03:33,27.70,42.00
2018-06-17 13:03:35,27.70,42.00
2018-06-17 13:03:36,27.70,42.00
2018-06-17 13:03:38,27.70,42.00
2018-06-17 13:03:39,27.70,42.00
2018-06-17 13:03:41,27.70,42.00
2018-06-17 13:03:42,27.70,42.00
2018-06-17 13:03:43,27.70,42.00
2018-06-17 13:03:45,27.70,42.00
2018-06-17 13:03:46,27.70,42.00
2018-06-17 13:03:48,27.70,42.00
2018-06-17 13:03:49,27.70,42.00
2018-06-17 13:03:50,27.70,42.00
2018-06-17 13:03:52,27.70,42.00
2018-06-17 13:03:53,27.70,42.00
2018-06-17 13:03:55,27.70,42.00
2018-06-17 13:03:56,27.70,42.00
2018-06-17 13:03:58,27.70,42.00
2018-06-17 13:03:59,27.70,42.00
2018-06-17 13:04:01,27.70,41.90
2018-06-17 13:04:02,27.70,41.90
2018-06-17 13:04:03,27.70,41.90
2018-06-17 13:04:05,27.70,41.90
2018-06-17 13:04:06,27.70,42.00
2018-06-17 13:04:08,27.70,42.00
2018-06-17 13:04:09,27.70,42.00
2018-06-17 13:04:10,27.70,42.00
2018-06-17 13:04:12,27.70,42.00
2018-06-17 13:04:13,27.70,42.00
2018-06-17 13:04:15,27.70,42.10
2018-06-17 13:04:16,27.70,42.10
2018-06-17 13:04:18,27.70,42.20
2018-06-17 13:04:19,27.70,42.20
2018-06-17 13:04:20,27.70,42.20
2018-06-17 13:04:22,27.70,42.20
2018-06-17 13:04:23,27.70,42.20
2018-06-17 13:04:25,27.70,42.20
2018-06-17 13:04:26,27.70,42.20
2018-06-17 13:04:27,27.70,42.20
2018-06-17 13:04:29,27.70,42.10
2018-06-17 13:04:30,27.70,42.10
2018-06-17 13:04:32,27.70,42.00
2018-06-17 13:04:33,27.70,42.00
2018-06-17 13:04:35,27.70,42.00
2018-06-17 13:04:36,27.70,42.00
2018-06-17 13:04:38,27.70,42.00
2018-06-17 13:04:39,27.70,42.00
2018-06-17 13:04:40,27.70,42.00
2018-06-17 13:04:42,27.70,42.00
2018-06-17 13:04:43,27.70,42.10
2018-06-17 13:04:45,27.70,42.10
2018-06-17 13:04:46,27.70,42.10
2018-06-17 13:04:47,27.70,42.10
2018-06-17 13:04:49,27.60,42.00
2018-06-17 13:04:50,27.60,42.00
2018-06-17 13:04:52,27.70,42.00
2018-06-17 13:04:53,27.70,42.00
2018-06-17 13:04:55,27.70,41.90
2018-06-17 13:04:56,27.70,41.90
2018-06-17 13:04:57,27.60,41.90
2018-06-17 13:04:59,27.60,41.90
2018-06-17 13:05:00,27.70,42.00
2018-06-17 13:05:02,27.70,42.00
2018-06-17 13:05:03,27.70,42.00
2018-06-17 13:05:04,27.70,42.00
2018-06-17 13:05:06,27.70,42.00
2018-06-17 13:05:07,27.70,42.00
2018-06-17 13:05:09,27.70,42.00
2018-06-17 13:05:10,27.70,42.00
2018-06-17 13:05:12,27.70,42.00
2018-06-17 13:05:13,27.70,42.00
2018-06-17 13:05:15,27.70,42.10
2018-06-17 13:05:16,27.70,42.10
2018-06-17 13:05:17,27.70,42.10
2018-06-17 13:05:19,27.70,42.10
2018-06-17 13:05:20,27.70,42.20
2018-06-17 13:05:22,27.70,42.20
2018-06-17 13:05:23,27.70,42.20
2018-06-17 13:05:24,27.70,42.20
2018-06-17 13:05:26,27.70,42.20
2018-06-17 13:05:27,27.70,42.20
2018-06-17 13:05:29,27.70,42.30
2018-06-17 13:05:30,27.70,42.30
2018-06-17 13:05:32,27.70,42.30
2018-06-17 13:05:33,27.70,42.30
2018-06-17 13:05:34,27.70,42.30
2018-06-17 13:05:36,27.70,42.30
2018-06-17 13:05:37,27.70,42.30
2018-06-17 13:05:39,27.70,42.30
2018-06-17 13:05:40,27.60,42.30
2018-06-17 13:05:41,27.60,42.30
2018-06-17 13:05:43,27.70,42.40
2018-06-17 13:05:44,27.70,42.40
2018-06-17 13:05:46,27.70,42.40
2018-06-17 13:05:47,27.70,42.40
2018-06-17 13:05:49,27.60,42.30
2018-06-17 13:05:50,27.60,42.30
2018-06-17 13:05:52,27.70,42.40
2018-06-17 13:05:53,27.70,42.40
2018-06-17 13:05:54,27.70,42.40
2018-06-17 13:05:56,27.70,42.40
2018-06-17 13:05:57,27.70,42.40
2018-06-17 13:05:59,27.70,42.40
2018-06-17 13:06:00,27.70,42.40
2018-06-17 13:06:01,27.70,42.40
2018-06-17 13:06:03,27.70,42.40
2018-06-17 13:06:04,27.70,42.40
2018-06-17 13:06:06,27.70,42.40
2018-06-17 13:06:07,27.70,42.40
2018-06-17 13:06:09,27.60,42.40
2018-06-17 13:06:10,27.60,42.40
2018-06-17 13:06:11,27.70,42.40
2018-06-17 13:06:13,27.70,42.40
2018-06-17 13:06:14,27.70,42.50
2018-06-17 13:06:16,27.70,42.50
2018-06-17 13:06:17,27.70,42.50
2018-06-17 13:06:18,27.70,42.50
2018-06-17 13:06:20,27.70,42.50
2018-06-17 13:06:21,27.70,42.50
2018-06-17 13:06:23,27.70,42.50
2018-06-17 13:06:24,27.70,42.50
2018-06-17 13:06:26,27.70,42.50
2018-06-17 13:06:27,27.70,42.50
2018-06-17 13:06:29,27.70,42.50
2018-06-17 13:06:30,27.70,42.50
2018-06-17 13:06:31,27.70,42.50
2018-06-17 13:06:33,27.70,42.50
2018-06-17 13:06:34,27.70,42.40
2018-06-17 13:06:35,27.70,42.40
2018-06-17 13:06:37,27.70,42.50
2018-06-17 13:06:38,27.70,42.50
2018-06-17 13:06:40,27.70,42.50
2018-06-17 13:06:41,27.70,42.50
2018-06-17 13:06:43,27.70,42.50
2018-06-17 13:06:44,27.70,42.50
2018-06-17 13:06:46,27.70,42.50
2018-06-17 13:06:47,27.70,42.50
2018-06-17 13:06:48,27.60,42.50
2018-06-17 13:06:50,27.60,42.50
2018-06-17 13:06:51,27.70,42.50
2018-06-17 13:06:53,27.70,42.50
2018-06-17 13:06:54,27.70,42.50
2018-06-17 13:06:55,27.70,42.50
2018-06-17 13:06:57,27.70,42.50
2018-06-17 13:06:58,27.70,42.50
2018-06-17 13:07:00,27.70,42.50
2018-06-17 13:07:01,27.70,42.50
2018-06-17 13:07:03,27.70,42.50
2018-06-17 13:07:04,27.70,42.50
2018-06-17 13:07:06,27.70,42.50
2018-06-17 13:07:07,27.70,42.50
2018-06-17 13:07:08,27.70,42.50
2018-06-17 13:07:10,27.70,42.50
2018-06-17 13:07:11,27.70,42.40
2018-06-17 13:07:12,27.70,42.40
2018-06-17 13:07:14,27.60,42.40
2018-06-17 13:07:15,27.60,42.40
2018-06-17 13:07:17,27.70,42.40
2018-06-17 13:07:18,27.70,42.40
2018-06-17 13:07:20,27.70,42.40
2018-06-17 13:07:21,27.70,42.40
2018-06-17 13:07:23,27.70,42.30
2018-06-17 13:07:24,27.70,42.30
2018-06-17 13:07:25,27.70,42.40
2018-06-17 13:07:27,27.70,42.40
2018-06-17 13:07:28,27.70,42.40
2018-06-17 13:07:30,27.70,42.40
2018-06-17 13:07:31,27.70,42.50
2018-06-17 13:07:32,27.70,42.50
2018-06-17 13:07:34,27.70,42.50
2018-06-17 13:07:35,27.70,42.50
2018-06-17 13:07:37,27.70,42.50
2018-06-17 13:07:38,27.70,42.50
2018-06-17 13:07:40,27.70,42.50
2018-06-17 13:07:41,27.70,42.50
2018-06-17 13:07:43,27.70,42.50
2018-06-17 13:07:44,27.70,42.50
2018-06-17 13:07:45,27.70,42.50
2018-06-17 13:07:47,27.70,42.50
2018-06-17 13:07:48,27.70,42.50
2018-06-17 13:07:49,27.70,42.50
2018-06-17 13:07:51,27.70,42.50
2018-06-17 13:07:52,27.70,42.50
2018-06-17 13:07:54,27.60,42.50
2018-06-17 13:07:55,27.60,42.50
2018-06-17 13:07:57,27.70,42.50
2018-06-17 13:07:58,27.70,42.50
2018-06-17 13:08:00,27.70,42.50
2018-06-17 13:08:01,27.70,42.50
2018-06-17 13:08:02,27.70,42.60
2018-06-17 13:08:04,27.70,42.60
2018-06-17 13:08:05,27.70,42.60
2018-06-17 13:08:07,27.70,42.60
2018-06-17 13:08:08,27.70,42.60
2018-06-17 13:08:09,27.70,42.60
2018-06-17 13:08:11,27.70,42.50
2018-06-17 13:08:12,27.70,42.50
2018-06-17 13:08:14,27.70,42.50
2018-06-17 13:08:15,27.70,42.50
2018-06-17 13:08:17,27.70,42.50
2018-06-17 13:08:18,27.70,42.50
2018-06-17 13:08:19,27.70,42.50
2018-06-17 13:08:21,27.70,42.50
2018-06-17 13:08:22,27.70,42.50
2018-06-17 13:08:24,27.70,42.50
2018-06-17 13:08:25,27.70,42.50
2018-06-17 13:08:26,27.70,42.50
2018-06-17 13:08:28,27.70,42.60
2018-06-17 13:08:29,27.70,42.60
2018-06-17 13:08:31,27.70,42.60
2018-06-17 13:08:32,27.70,42.60
2018-06-17 13:08:34,27.70,42.60
2018-06-17 13:08:35,27.70,42.60
2018-06-17 13:08:37,27.70,42.60
2018-06-17 13:08:38,27.70,42.60
2018-06-17 13:08:39,27.70,42.60
2018-06-17 13:08:41,27.70,42.60
2018-06-17 13:08:42,27.70,42.60
2018-06-17 13:08:44,27.70,42.60
2018-06-17 13:08:45,27.70,42.60
2018-06-17 13:08:46,27.70,42.60
2018-06-17 13:08:48,27.70,42.60
2018-06-17 13:08:49,27.70,42.60
2018-06-17 13:08:51,27.70,42.60
2018-06-17 13:08:52,27.70,42.60
2018-06-17 13:08:54,27.70,42.60
2018-06-17 13:08:55,27.70,42.60
2018-06-17 13:08:56,27.70,42.60
2018-06-17 13:08:58,27.70,42.60
2018-06-17 13:08:59,27.70,42.60
2018-06-17 13:09:01,27.70,42.60
2018-06-17 13:09:02,27.60,42.50
2018-06-17 13:09:03,27.60,42.50
2018-06-17 13:09:05,27.70,42.60
2018-06-17 13:09:06,27.70,42.60
2018-06-17 13:09:08,27.70,42.60
2018-06-17 13:09:09,27.70,42.60
2018-06-17 13:09:11,27.70,42.60
2018-06-17 13:09:12,27.70,42.60
2018-06-17 13:09:14,27.70,42.60
2018-06-17 13:09:15,27.70,42.60
2018-06-17 13:09:16,27.70,42.60
2018-06-17 13:09:18,27.70,42.60
2018-06-17 13:09:19,27.70,42.60
2018-06-17 13:09:21,27.70,42.60
2018-06-17 13:09:22,27.70,42.70
2018-06-17 13:09:23,27.70,42.70
2018-06-17 13:09:25,27.70,42.70
2018-06-17 13:09:26,27.70,42.70
2018-06-17 13:09:28,27.70,42.70
2018-06-17 13:09:29,27.70,42.70
2018-06-17 13:09:31,27.60,42.60
2018-06-17 13:09:32,27.60,42.60
2018-06-17 13:09:33,27.60,42.60
2018-06-17 13:09:35,27.60,42.60
2018-06-17 13:09:36,27.70,42.70
2018-06-17 13:09:38,27.70,42.70
2018-06-17 13:09:39,27.70,42.70
2018-06-17 13:09:40,27.70,42.70
2018-06-17 13:09:42,27.70,42.70
2018-06-17 13:09:43,27.70,42.70
2018-06-17 13:09:45,27.70,42.70
2018-06-17 13:09:46,27.70,42.70
2018-06-17 13:09:48,27.70,42.70
2018-06-17 13:09:49,27.70,42.70
2018-06-17 13:09:51,27.70,42.70
2018-06-17 13:09:52,27.70,42.70
2018-06-17 13:09:53,27.60,42.60
2018-06-17 13:09:55,27.60,42.60
2018-06-17 13:09:56,27.70,42.60
2018-06-17 13:09:58,27.70,42.60
2018-06-17 13:09:59,27.70,42.60
2018-06-17 13:10:00,27.70,42.60
2018-06-17 13:10:02,27.60,42.60
2018-06-17 13:10:03,27.60,42.60
2018-06-17 13:10:05,27.60,42.60
2018-06-17 13:10:06,27.60,42.60
2018-06-17 13:10:08,27.70,42.70
2018-06-17 13:10:09,27.70,42.70
2018-06-17 13:10:10,27.70,42.70
2018-06-17 13:10:12,27.70,42.70
2018-06-17 13:10:13,27.70,42.70
2018-06-17 13:10:15,27.70,42.70
2018-06-17 13:10:16,27.70,42.70
2018-06-17 13:10:17,27.70,42.70
2018-06-17 13:10:19,27.70,42.70
2018-06-17 13:10:20,27.70,42.70
2018-06-17 13:10:22,27.70,42.70
2018-06-17 13:10:23,27.70,42.70
2018-06-17 13:10:25,27.70,42.70
2018-06-17 13:10:26,27.70,42.70
2018-06-17 13:10:28,27.60,42.60
2018-06-17 13:10:29,27.60,42.60
2018-06-17 13:10:30,27.70,42.70
2018-06-17 13:10:32,27.70,42.70
2018-06-17 13:10:33,27.70,42.70
2018-06-17 13:10:35,27.70,42.70
2018-06-17 13:10:36,27.70,42.70
2018-06-17 13:10:37,27.70,42.70
2018-06-17 13:10:39,27.70,42.70
2018-06-17 13:10:40,27.70,42.70
2018-06-17 13:10:42,27.60,42.60
2018-06-17 13:10:43,27.60,42.60
2018-06-17 13:10:45,27.70,42.70
2018-06-17 13:10:46,27.70,42.70
2018-06-17 13:10:48,27.70,42.70
2018-06-17 13:10:49,27.70,42.70
2018-06-17 13:10:50,27.70,42.70
2018-06-17 13:10:52,27.70,42.70
2018-06-17 13:10:53,27.70,42.70
2018-06-17 13:10:55,27.70,42.70
2018-06-17 13:10:56,27.70,42.70
2018-06-17 13:10:57,27.70,42.70
2018-06-17 13:10:59,27.70,42.70
2018-06-17 13:11:00,27.70,42.70
2018-06-17 13:11:02,27.70,42.70
2018-06-17 13:11:03,27.70,42.70
2018-06-17 13:11:05,27.60,42.70
2018-06-17 13:11:06,27.60,42.70
2018-06-17 13:11:07,27.70,42.80
2018-06-17 13:11:09,27.70,42.80
2018-06-17 13:11:10,27.60,42.70
2018-06-17 13:11:12,27.60,42.70
2018-06-17 13:11:13,27.70,42.80
2018-06-17 13:11:14,27.70,42.80
2018-06-17 13:11:16,27.70,42.80
2018-06-17 13:11:17,27.70,42.80
2018-06-17 13:11:19,27.60,42.70
2018-06-17 13:11:20,27.60,42.70
2018-06-17 13:11:22,27.70,42.70
2018-06-17 13:11:23,27.70,42.70
2018-06-17 13:11:25,27.70,42.70
2018-06-17 13:11:26,27.70,42.70
2018-06-17 13:11:27,27.70,42.70
2018-06-17 13:11:29,27.70,42.70
2018-06-17 13:11:30,27.60,42.60
2018-06-17 13:11:32,27.60,42.60
2018-06-17 13:11:33,27.70,42.70
2018-06-17 13:11:34,27.70,42.70
2018-06-17 13:11:36,27.70,42.70
2018-06-17 13:11:37,27.70,42.70
2018-06-17 13:11:39,27.60,42.60
2018-06-17 13:11:40,27.60,42.60
2018-06-17 13:11:42,27.70,42.70
2018-06-17 13:11:43,27.70,42.70
2018-06-17 13:11:44,27.70,42.70
2018-06-17 13:11:46,27.70,42.70
2018-06-17 13:11:47,27.70,42.70
2018-06-17 13:11:49,27.70,42.70
2018-06-17 13:11:50,27.70,42.60
2018-06-17 13:11:51,27.70,42.60
2018-06-17 13:11:53,27.70,42.60
2018-06-17 13:11:54,27.70,42.60
2018-06-17 13:11:56,27.70,42.60
2018-06-17 13:11:57,27.70,42.60
2018-06-17 13:11:59,27.70,42.60
2018-06-17 13:12:00,27.70,42.60
2018-06-17 13:12:02,27.70,42.60
2018-06-17 13:12:03,27.70,42.60
2018-06-17 13:12:04,27.70,42.60
2018-06-17 13:12:06,27.70,42.60
2018-06-17 13:12:07,27.70,42.70
2018-06-17 13:12:08,27.70,42.70
2018-06-17 13:12:10,27.70,42.70
2018-06-17 13:12:11,27.70,42.70
2018-06-17 13:12:13,27.70,42.70
2018-06-17 13:12:14,27.70,42.70
2018-06-17 13:12:16,27.70,42.70
2018-06-17 13:12:17,27.70,42.70
2018-06-17 13:12:19,27.70,42.70
2018-06-17 13:12:20,27.70,42.70
2018-06-17 13:12:21,27.70,42.70
2018-06-17 13:12:23,27.70,42.70
2018-06-17 13:12:24,27.70,42.70
2018-06-17 13:12:26,27.70,42.70
2018-06-17 13:12:27,27.70,42.70
2018-06-17 13:12:28,27.70,42.70
2018-06-17 13:12:30,27.70,42.70
2018-06-17 13:12:31,27.70,42.70
2018-06-17 13:12:33,27.70,42.70
2018-06-17 13:12:34,27.70,42.70
2018-06-17 13:12:36,27.70,42.80
2018-06-17 13:12:37,27.70,42.80
2018-06-17 13:12:38,27.70,42.80
2018-06-17 13:12:40,27.70,42.80
2018-06-17 13:12:41,27.70,42.80
2018-06-17 13:12:43,27.70,42.80
2018-06-17 13:12:44,27.70,42.80
2018-06-17 13:12:45,27.70,42.80
2018-06-17 13:12:47,27.70,42.80
2018-06-17 13:12:48,27.70,42.80
2018-06-17 13:12:50,27.70,42.80
2018-06-17 13:12:51,27.70,42.80
2018-06-17 13:12:53,27.70,42.90
2018-06-17 13:12:54,27.70,42.90
2018-06-17 13:12:56,27.70,42.80
2018-06-17 13:12:57,27.70,42.80
2018-06-17 13:12:58,27.70,42.80
2018-06-17 13:13:00,27.70,42.80
2018-06-17 13:13:01,27.70,42.80
2018-06-17 13:13:03,27.70,42.80
2018-06-17 13:13:04,27.70,42.70
2018-06-17 13:13:05,27.70,42.70
2018-06-17 13:13:07,27.60,42.70
2018-06-17 13:13:08,27.60,42.70
2018-06-17 13:13:10,27.70,42.70
2018-06-17 13:13:11,27.70,42.70
2018-06-17 13:13:13,27.60,42.50
2018-06-17 13:13:14,27.60,42.50
2018-06-17 13:13:15,27.70,42.60
2018-06-17 13:13:17,27.70,42.60
2018-06-17 13:13:18,27.70,42.60
2018-06-17 13:13:20,27.70,42.60
2018-06-17 13:13:21,27.70,42.60
2018-06-17 13:13:22,27.70,42.60
2018-06-17 13:13:24,27.70,42.70
2018-06-17 13:13:25,27.70,42.70
2018-06-17 13:13:27,27.70,42.70
2018-06-17 13:13:28,27.70,42.70
2018-06-17 13:13:30,27.70,42.80
2018-06-17 13:13:31,27.70,42.80
2018-06-17 13:13:33,27.70,42.80
2018-06-17 13:13:34,27.70,42.80
2018-06-17 13:13:35,27.70,42.80
2018-06-17 13:13:37,27.70,42.80
2018-06-17 13:13:38,27.70,42.80
2018-06-17 13:13:40,27.70,42.80
2018-06-17 13:13:41,27.70,42.80
2018-06-17 13:13:42,27.70,42.80
2018-06-17 13:13:44,27.70,42.80
2018-06-17 13:13:45,27.70,42.80
2018-06-17 13:13:47,27.70,42.80
2018-06-17 13:13:48,27.70,42.80
2018-06-17 13:13:50,27.70,42.80
2018-06-17 13:13:51,27.70,42.80
2018-06-17 13:13:52,27.70,42.80
2018-06-17 13:13:54,27.70,42.80
2018-06-17 13:13:55,27.60,42.70
2018-06-17 13:13:57,27.60,42.70
2018-06-17 13:13:58,27.70,42.80
2018-06-17 13:13:59,27.70,42.80
2018-06-17 13:14:01,27.70,42.70
2018-06-17 13:14:02,27.70,42.70
2018-06-17 13:14:04,27.70,42.70
2018-06-17 13:14:05,27.70,42.70
2018-06-17 13:14:07,27.70,42.70
2018-06-17 13:14:08,27.70,42.70
2018-06-17 13:14:10,27.70,42.70
2018-06-17 13:14:11,27.70,42.70
2018-06-17 13:14:12,27.70,42.70
2018-06-17 13:14:14,27.70,42.70
2018-06-17 13:14:15,27.70,42.80
2018-06-17 13:14:17,27.70,42.80
2018-06-17 13:14:18,27.70,42.80
2018-06-17 13:14:19,27.70,42.80
2018-06-17 13:14:21,27.70,42.70
2018-06-17 13:14:22,27.70,42.70
2018-06-17 13:14:24,27.70,42.80
2018-06-17 13:14:25,27.70,42.80
2018-06-17 13:14:27,27.70,42.70
2018-06-17 13:14:28,27.70,42.70
2018-06-17 13:14:29,27.70,42.70
2018-06-17 13:14:31,27.70,42.70
2018-06-17 13:14:32,27.70,42.70
2018-06-17 13:14:34,27.70,42.70
2018-06-17 13:14:35,27.70,42.70
2018-06-17 13:14:36,27.70,42.70
2018-06-17 13:14:38,27.70,42.70
2018-06-17 13:14:39,27.70,42.70
2018-06-17 13:14:41,27.70,42.80
2018-06-17 13:14:42,27.70,42.80
2018-06-17 13:14:44,27.70,42.80
2018-06-17 13:14:45,27.70,42.80
2018-06-17 13:14:47,27.70,42.80
2018-06-17 13:14:48,27.70,42.80
2018-06-17 13:14:49,27.70,42.80
2018-06-17 13:14:51,27.70,42.80
2018-06-17 13:14:52,27.70,42.80
2018-06-17 13:14:54,27.70,42.80
2018-06-17 13:14:55,27.70,42.80
2018-06-17 13:14:56,27.70,42.80
2018-06-17 13:14:58,27.70,42.80
2018-06-17 13:14:59,27.70,42.80
2018-06-17 13:15:01,27.70,42.80
2018-06-17 13:15:02,27.70,42.80
2018-06-17 13:15:04,27.70,42.80
2018-06-17 13:15:05,27.70,42.80
2018-06-17 13:15:06,27.70,42.80
2018-06-17 13:15:08,27.70,42.80
2018-06-17 13:15:09,27.70,42.80
2018-06-17 13:15:11,27.70,42.80
2018-06-17 13:15:12,27.70,42.80
2018-06-17 13:15:13,27.70,42.80
2018-06-17 13:15:15,27.70,42.80
2018-06-17 13:15:16,27.70,42.80
2018-06-17 13:15:18,27.70,42.80
2018-06-17 13:15:19,27.70,42.80
2018-06-17 13:15:21,27.70,42.80
2018-06-17 13:15:22,27.70,42.80
2018-06-17 13:15:24,27.70,42.80
2018-06-17 13:15:25,27.70,42.80
2018-06-17 13:15:26,27.70,42.90
2018-06-17 13:15:28,27.70,42.90
2018-06-17 13:15:29,27.70,42.90
2018-06-17 13:15:31,27.70,42.90
2018-06-17 13:15:32,27.70,42.90
2018-06-17 13:15:33,27.70,42.90
2018-06-17 13:15:35,27.70,42.90
2018-06-17 13:15:36,27.70,42.90
2018-06-17 13:15:38,27.70,42.90
2018-06-17 13:15:39,27.70,42.90
2018-06-17 13:15:41,27.70,42.90
2018-06-17 13:15:42,27.70,42.90
2018-06-17 13:15:43,27.70,42.90
2018-06-17 13:15:45,27.70,42.90
2018-06-17 13:15:46,27.70,42.90
2018-06-17 13:15:48,27.70,42.90
2018-06-17 13:15:49,27.70,42.90
2018-06-17 13:15:50,27.70,42.90
2018-06-17 13:15:52,27.70,42.90
2018-06-17 13:15:53,27.70,42.90
2018-06-17 13:15:55,27.70,42.90
2018-06-17 13:15:56,27.70,42.90
2018-06-17 13:15:58,27.70,42.90
2018-06-17 13:15:59,27.70,42.90
2018-06-17 13:16:01,27.70,42.80
2018-06-17 13:16:02,27.70,42.80
2018-06-17 13:16:03,27.70,42.80
2018-06-17 13:16:05,27.70,42.80
2018-06-17 13:16:06,27.70,42.70
2018-06-17 13:16:07,27.70,42.70
2018-06-17 13:16:09,27.70,42.70
2018-06-17 13:16:10,27.70,42.70
2018-06-17 13:16:12,27.70,42.70
2018-06-17 13:16:13,27.70,42.70
2018-06-17 13:16:15,27.70,42.70
2018-06-17 13:16:16,27.70,42.70
2018-06-17 13:16:18,27.70,42.70
2018-06-17 13:16:19,27.70,42.70
2018-06-17 13:16:20,27.70,42.70
2018-06-17 13:16:22,27.70,42.70
2018-06-17 13:16:23,27.70,42.70
2018-06-17 13:16:25,27.70,42.70
2018-06-17 13:16:26,27.70,42.70
2018-06-17 13:16:27,27.70,42.70
2018-06-17 13:16:29,27.70,42.60
2018-06-17 13:16:30,27.70,42.60
2018-06-17 13:16:32,27.70,42.60
2018-06-17 13:16:33,27.70,42.60
2018-06-17 13:16:35,27.70,42.60
2018-06-17 13:16:36,27.70,42.60
2018-06-17 13:16:38,27.70,42.60
2018-06-17 13:16:39,27.70,42.60
2018-06-17 13:16:40,27.70,42.60
2018-06-17 13:16:42,27.70,42.60
2018-06-17 13:16:43,27.70,42.60
2018-06-17 13:16:44,27.70,42.60
2018-06-17 13:16:46,27.70,42.60
2018-06-17 13:16:47,27.70,42.60
2018-06-17 13:16:49,27.70,42.60
2018-06-17 13:16:50,27.70,42.60
2018-06-17 13:16:52,27.70,42.60
2018-06-17 13:16:53,27.70,42.60
2018-06-17 13:16:55,27.70,42.60
2018-06-17 13:16:56,27.70,42.60
2018-06-17 13:16:58,27.70,42.70
2018-06-17 13:16:59,27.70,42.70
2018-06-17 13:17:00,27.70,42.70
2018-06-17 13:17:02,27.70,42.70
2018-06-17 13:17:03,27.70,42.70
2018-06-17 13:17:04,27.70,42.70
2018-06-17 13:17:06,27.70,42.70
2018-06-17 13:17:07,27.70,42.70
2018-06-17 13:17:09,27.70,42.80
2018-06-17 13:17:10,27.70,42.80
2018-06-17 13:17:12,27.70,42.80
2018-06-17 13:17:13,27.70,42.80
2018-06-17 13:17:15,27.70,42.80
2018-06-17 13:17:16,27.70,42.80
2018-06-17 13:17:17,27.70,42.80
2018-06-17 13:17:19,27.70,42.80
2018-06-17 13:17:20,27.70,42.80
2018-06-17 13:17:22,27.70,42.80
2018-06-17 13:17:23,27.70,42.80
2018-06-17 13:17:24,27.70,42.80
2018-06-17 13:17:26,27.70,42.80
2018-06-17 13:17:27,27.70,42.80
2018-06-17 13:17:29,27.70,42.80
2018-06-17 13:17:30,27.70,42.80
2018-06-17 13:17:32,27.70,42.70
2018-06-17 13:17:33,27.70,42.70
2018-06-17 13:17:34,27.70,42.70
2018-06-17 13:17:36,27.70,42.70
2018-06-17 13:17:37,27.70,42.70
2018-06-17 13:17:39,27.70,42.70
2018-06-17 13:17:40,27.70,42.70
2018-06-17 13:17:41,27.70,42.70
2018-06-17 13:17:43,27.70,42.70
2018-06-17 13:17:44,27.70,42.70
2018-06-17 13:17:46,27.70,42.70
2018-06-17 13:17:47,27.70,42.70
2018-06-17 13:17:49,27.70,42.70
2018-06-17 13:17:50,27.70,42.70
2018-06-17 13:17:52,27.70,42.70
2018-06-17 13:17:53,27.70,42.70
2018-06-17 13:17:54,27.70,42.80
2018-06-17 13:17:56,27.70,42.80
2018-06-17 13:17:57,27.70,42.80
2018-06-17 13:17:59,27.70,42.80
2018-06-17 13:18:00,27.70,42.80
2018-06-17 13:18:01,27.70,42.80
2018-06-17 13:18:03,27.70,42.80
2018-06-17 13:18:04,27.70,42.80
2018-06-17 13:18:06,27.70,42.80
2018-06-17 13:18:07,27.70,42.80
2018-06-17 13:18:09,27.70,42.90
2018-06-17 13:18:10,27.70,42.90
2018-06-17 13:18:11,27.70,42.90
2018-06-17 13:18:13,27.70,42.90
2018-06-17 13:18:14,27.70,42.90
2018-06-17 13:18:16,27.70,42.90
2018-06-17 13:18:17,27.70,42.90
2018-06-17 13:18:18,27.70,42.90
2018-06-17 13:18:20,27.70,42.80
2018-06-17 13:18:21,27.70,42.80
2018-06-17 13:18:23,27.70,42.80
2018-06-17 13:18:24,27.70,42.80
2018-06-17 13:18:26,27.70,42.80
2018-06-17 13:18:27,27.70,42.80
2018-06-17 13:18:29,27.70,42.80
2018-06-17 13:18:30,27.70,42.80
2018-06-17 13:18:31,27.70,42.80
2018-06-17 13:18:33,27.70,42.80
2018-06-17 13:18:34,27.70,42.90
2018-06-17 13:18:36,27.70,42.90
2018-06-17 13:18:37,27.70,42.80
2018-06-17 13:18:38,27.70,42.80
2018-06-17 13:18:40,27.70,42.80
2018-06-17 13:18:41,27.70,42.80
2018-06-17 13:18:43,27.70,42.70
2018-06-17 13:18:44,27.70,42.70
2018-06-17 13:18:46,27.70,42.60
2018-06-17 13:18:47,27.70,42.60
2018-06-17 13:18:48,27.70,42.40
2018-06-17 13:18:50,27.70,42.40
2018-06-17 13:18:51,27.70,42.30
2018-06-17 13:18:53,27.70,42.30
2018-06-17 13:18:54,27.70,42.20
2018-06-17 13:18:55,27.70,42.20
2018-06-17 13:18:57,27.70,42.20
2018-06-17 13:18:58,27.70,42.20
2018-06-17 13:19:00,27.70,42.10
2018-06-17 13:19:01,27.70,42.10
2018-06-17 13:19:03,27.70,42.00
2018-06-17 13:19:04,27.70,42.00
2018-06-17 13:19:06,27.80,42.00
2018-06-17 13:19:07,27.80,42.00
2018-06-17 13:19:08,27.70,41.80
2018-06-17 13:19:10,27.70,41.80
2018-06-17 13:19:11,27.80,41.90
2018-06-17 13:19:13,27.80,41.90
2018-06-17 13:19:14,27.80,42.10
2018-06-17 13:19:15,27.80,42.10
2018-06-17 13:19:17,27.70,42.20
2018-06-17 13:19:18,27.70,42.20
2018-06-17 13:19:20,27.80,42.20
2018-06-17 13:19:21,27.80,42.20
2018-06-17 13:19:23,27.80,42.20
2018-06-17 13:19:24,27.80,42.20
2018-06-17 13:19:25,27.80,42.10
2018-06-17 13:19:27,27.80,42.10
2018-06-17 13:19:28,27.80,42.10
2018-06-17 13:19:30,27.80,42.10
2018-06-17 13:19:31,27.80,42.00
2018-06-17 13:19:32,27.80,42.00
2018-06-17 13:19:34,27.90,42.10
2018-06-17 13:19:35,27.90,42.10
2018-06-17 13:19:37,27.90,42.00
2018-06-17 13:19:38,27.90,42.00
2018-06-17 13:19:40,28.00,42.20
2018-06-17 13:19:41,28.00,42.20
2018-06-17 13:19:43,28.00,42.70
2018-06-17 13:19:44,28.00,42.70
2018-06-17 13:19:45,28.00,42.70
2018-06-17 13:19:47,28.00,42.70
2018-06-17 13:19:48,28.00,42.50
2018-06-17 13:19:50,28.00,42.50
2018-06-17 13:19:51,28.00,42.30
2018-06-17 13:19:52,28.00,42.30
2018-06-17 13:19:54,28.10,42.10
2018-06-17 13:19:55,28.10,42.10
2018-06-17 13:19:57,28.10,41.90
2018-06-17 13:19:58,28.10,41.90
2018-06-17 13:20:00,28.10,41.70
2018-06-17 13:20:01,28.10,41.70
2018-06-17 13:20:02,28.10,41.60
2018-06-17 13:20:04,28.10,41.60
2018-06-17 13:20:05,28.10,41.40
2018-06-17 13:20:07,28.10,41.40
2018-06-17 13:20:08,28.10,41.40
2018-06-17 13:20:09,28.10,41.40
2018-06-17 13:20:11,28.10,41.30
2018-06-17 13:20:12,28.10,41.30
2018-06-17 13:20:14,28.10,41.30
2018-06-17 13:20:15,28.10,41.30
2018-06-17 13:20:17,28.10,41.20
2018-06-17 13:20:18,28.10,41.20
2018-06-17 13:20:20,28.10,41.20
2018-06-17 13:20:21,28.10,41.20
2018-06-17 13:20:22,28.10,41.20
2018-06-17 13:20:24,28.10,41.20
2018-06-17 13:20:25,28.10,41.20
2018-06-17 13:20:27,28.10,41.20
2018-06-17 13:20:28,28.10,41.10
2018-06-17 13:20:29,28.10,41.10
2018-06-17 13:20:31,28.10,41.10
2018-06-17 13:20:32,28.10,41.10
2018-06-17 13:20:34,28.10,41.20
2018-06-17 13:20:35,28.10,41.20
2018-06-17 13:20:37,28.10,41.20
2018-06-17 13:20:38,28.10,41.20
2018-06-17 13:20:39,28.10,41.20
2018-06-17 13:20:41,28.10,41.20
2018-06-17 13:20:42,28.10,41.20
2018-06-17 13:20:44,28.10,41.20
2018-06-17 13:20:45,28.00,41.10
2018-06-17 13:20:46,28.00,41.10
2018-06-17 13:20:48,28.00,41.10
2018-06-17 13:20:49,28.00,41.10
2018-06-17 13:20:51,28.00,41.10
2018-06-17 13:20:52,28.00,41.10
2018-06-17 13:20:54,28.00,41.10
2018-06-17 13:20:55,28.00,41.10
2018-06-17 13:20:57,28.10,41.20
2018-06-17 13:20:58,28.10,41.20
2018-06-17 13:20:59,28.00,41.10
2018-06-17 13:21:01,28.00,41.10
2018-06-17 13:21:02,28.00,41.10
2018-06-17 13:21:04,28.00,41.10
2018-06-17 13:21:05,28.00,41.10
2018-06-17 13:21:06,28.00,41.10
2018-06-17 13:21:08,28.00,41.10
2018-06-17 13:21:09,28.00,41.10
2018-06-17 13:21:11,28.00,41.20
2018-06-17 13:21:12,28.00,41.20
2018-06-17 13:21:14,28.00,41.20
2018-06-17 13:21:15,28.00,41.20
2018-06-17 13:21:16,28.00,41.20
2018-06-17 13:21:18,28.00,41.20
2018-06-17 13:21:19,28.00,41.20
2018-06-17 13:21:21,28.00,41.20
2018-06-17 13:21:22,28.00,41.20
2018-06-17 13:21:23,28.00,41.20
2018-06-17 13:21:25,28.00,41.20
2018-06-17 13:21:26,28.00,41.20
2018-06-17 13:21:28,28.00,41.20
2018-06-17 13:21:29,28.00,41.20
2018-06-17 13:21:31,28.00,41.20
2018-06-17 13:21:32,28.00,41.20
2018-06-17 13:21:34,28.00,41.30
2018-06-17 13:21:35,28.00,41.30
2018-06-17 13:21:36,28.00,41.30
2018-06-17 13:21:38,28.00,41.30
2018-06-17 13:21:39,28.00,41.30
2018-06-17 13:21:41,28.00,41.30
2018-06-17 13:21:42,28.00,41.30
2018-06-17 13:21:43,28.00,41.30
2018-06-17 13:21:45,27.90,41.20
2018-06-17 13:21:46,27.90,41.20
2018-06-17 13:21:48,28.00,41.30
2018-06-17 13:21:49,28.00,41.30
2018-06-17 13:21:51,28.00,41.30
2018-06-17 13:21:52,28.00,41.30
2018-06-17 13:21:53,27.90,41.30
2018-06-17 13:21:55,27.90,41.30
2018-06-17 13:21:56,27.90,41.30
2018-06-17 13:21:58,27.90,41.30
2018-06-17 13:21:59,27.90,41.30
2018-06-17 13:22:00,27.90,41.30
2018-06-17 13:22:02,27.90,41.30
2018-06-17 13:22:03,27.90,41.30
2018-06-17 13:22:05,27.90,41.30
2018-06-17 13:22:06,27.90,41.30
2018-06-17 13:22:08,27.90,41.30
2018-06-17 13:22:09,27.90,41.30
2018-06-17 13:22:11,27.90,41.30
2018-06-17 13:22:12,27.90,41.30
2018-06-17 13:22:13,27.90,41.40
2018-06-17 13:22:15,27.90,41.40
2018-06-17 13:22:16,27.90,41.40
2018-06-17 13:22:18,27.90,41.40
2018-06-17 13:22:19,27.90,41.40
2018-06-17 13:22:20,27.90,41.40
2018-06-17 13:22:22,27.90,41.40
2018-06-17 13:22:23,27.90,41.40
2018-06-17 13:22:25,27.90,41.40
2018-06-17 13:22:26,27.90,41.40
2018-06-17 13:22:28,27.90,41.40
2018-06-17 13:22:29,27.90,41.40
2018-06-17 13:22:30,27.90,41.40
2018-06-17 13:22:32,27.90,41.40
2018-06-17 13:22:33,27.90,41.40
2018-06-17 13:22:35,27.90,41.40
2018-06-17 13:22:36,27.90,41.40
2018-06-17 13:22:37,27.90,41.40
2018-06-17 13:22:39,27.90,41.40
2018-06-17 13:22:40,27.90,41.40
2018-06-17 13:22:42,27.90,41.50
2018-06-17 13:22:43,27.90,41.50
2018-06-17 13:22:45,27.80,41.40
2018-06-17 13:22:46,27.80,41.40
2018-06-17 13:22:48,27.90,41.50
2018-06-17 13:22:49,27.90,41.50
2018-06-17 13:22:50,27.80,41.40
2018-06-17 13:22:52,27.80,41.40
2018-06-17 13:22:53,27.90,41.50
2018-06-17 13:22:55,27.90,41.50
2018-06-17 13:22:56,27.80,41.50
2018-06-17 13:22:57,27.80,41.50
2018-06-17 13:22:59,27.80,41.50
2018-06-17 13:23:00,27.80,41.50
2018-06-17 13:23:02,27.80,41.50
2018-06-17 13:23:03,27.80,41.50
2018-06-17 13:23:05,27.80,41.50
2018-06-17 13:23:06,27.80,41.50
2018-06-17 13:23:07,27.80,41.50
2018-06-17 13:23:09,27.80,41.50
2018-06-17 13:23:10,27.80,41.50
2018-06-17 13:23:12,27.80,41.50
2018-06-17 13:23:13,27.80,41.60
2018-06-17 13:23:14,27.80,41.60
2018-06-17 13:23:16,27.80,41.60
2018-06-17 13:23:17,27.80,41.60
2018-06-17 13:23:19,27.80,41.60
2018-06-17 13:23:20,27.80,41.60
2018-06-17 13:23:22,27.80,41.60
2018-06-17 13:23:23,27.80,41.60
2018-06-17 13:23:25,27.80,41.60
2018-06-17 13:23:26,27.80,41.60
2018-06-17 13:23:27,27.80,41.60
2018-06-17 13:23:29,27.80,41.60
2018-06-17 13:23:30,27.80,41.50
2018-06-17 13:23:32,27.80,41.50
2018-06-17 13:23:33,27.80,41.50
2018-06-17 13:23:34,27.80,41.50
2018-06-17 13:23:36,27.80,41.50
2018-06-17 13:23:37,27.80,41.50
2018-06-17 13:23:39,27.80,41.50
2018-06-17 13:23:40,27.80,41.50
2018-06-17 13:23:42,27.80,41.50
2018-06-17 13:23:43,27.80,41.50
2018-06-17 13:23:44,27.80,41.50
2018-06-17 13:23:46,27.80,41.50
2018-06-17 13:23:47,27.80,41.50
2018-06-17 13:23:49,27.80,41.50
2018-06-17 13:23:50,27.80,41.50
2018-06-17 13:23:51,27.80,41.50
2018-06-17 13:23:53,27.80,41.50
2018-06-17 13:23:54,27.80,41.50
2018-06-17 13:23:56,27.80,41.50
2018-06-17 13:23:57,27.80,41.50
2018-06-17 13:23:59,27.80,41.50
2018-06-17 13:24:00,27.80,41.50
2018-06-17 13:24:02,27.80,41.50
2018-06-17 13:24:03,27.80,41.50
2018-06-17 13:24:04,27.80,41.50
2018-06-17 13:24:06,27.80,41.50
2018-06-17 13:24:07,27.80,41.50
2018-06-17 13:24:09,27.80,41.50
2018-06-17 13:24:10,27.70,41.50
2018-06-17 13:24:11,27.70,41.50
2018-06-17 13:24:13,27.70,41.50
2018-06-17 13:24:14,27.70,41.50
2018-06-17 13:24:16,27.80,41.50
2018-06-17 13:24:17,27.80,41.50
2018-06-17 13:24:19,27.70,41.50
2018-06-17 13:24:20,27.70,41.50
2018-06-17 13:24:21,27.70,41.50
2018-06-17 13:24:23,27.70,41.50
2018-06-17 13:24:24,27.70,41.50
2018-06-17 13:24:26,27.70,41.50
2018-06-17 13:24:27,27.70,41.50
2018-06-17 13:24:28,27.70,41.50
2018-06-17 13:24:30,27.70,41.50
2018-06-17 13:24:31,27.70,41.50
